filename,x,y,slice_numbers
8e35782c-db2a-404f-bde0-c0cb51274995,418.3814076724121,196.95206213820916,"141,142,143,144,145,146,147,148,149,150,151,152,153,154,155,156,157"
8e35782c-db2a-404f-bde0-c0cb51274995,366.8893638702391,233.38954447575554,"131,132,133,134,135,136,137,138,139,140,141"
8e35782c-db2a-404f-bde0-c0cb51274995,419.56495951873643,195.65738048094263,"142,143,144,145,146,147,148,149,150,151,152,153,154,155,156,156"
8e35782c-db2a-404f-bde0-c0cb51274995,363.47239037600326,234.4046622709276,"133,134,135,136,137,137,138,139,140"
8e35782c-db2a-404f-bde0-c0cb51274995,400.6825396825397,170.34920634920636,"140,141,142"
8e35782c-db2a-404f-bde0-c0cb51274995,419.0373180404214,196.5577746054553,"141,142,143,144,145,146,147,148,149,150,151,152,153,154,155,156,157"
8e35782c-db2a-404f-bde0-c0cb51274995,365.784729703033,233.83517272062593,"133,134,135,136,137,138,139,140"
8e35782c-db2a-404f-bde0-c0cb51274995,366.44200539970797,234.13701596956466,"131,132,133,134,135,136,137,138,139,140"
016b25e6-a905-4dc4-8a7b-d30e1266e875,315.0319550189736,366.14916009491265,"47,46,45,44,43,42,41,40"
016b25e6-a905-4dc4-8a7b-d30e1266e875,316.3384562167682,367.84427441873066,"40,41,42,43,44,45,46"
016b25e6-a905-4dc4-8a7b-d30e1266e875,316.29153592268915,367.0846378818508,"40,41,42,43,44,45,46,47"
016b25e6-a905-4dc4-8a7b-d30e1266e875,316.59269429670303,366.56996492284816,"39,40,41,42,43,44,45,46,47"
93bda773-91d0-4f22-b44d-b7512a32152f,145.12927293229214,280.61908656212177,"69,70,71,72,73,74,75,75,76,77,77,78,78,79,79,80,81,82,83,84,85,86,87,88,88,89,90,91,92"
93bda773-91d0-4f22-b44d-b7512a32152f,144.67888737252002,280.3373661531846,"71,72,73,74,75,76,77,78,79,80,81,82,83,84,85,86,87,88,89,90"
93bda773-91d0-4f22-b44d-b7512a32152f,144.70397296667952,280.12572900692305,"71,72,73,74,75,76,76,77,78,79,79,80,81,82,83,84,85,86,87,88,89,90,91"
93bda773-91d0-4f22-b44d-b7512a32152f,144.77910867314236,279.78217420396373,"69,70,71,72,73,74,75,76,77,78,79,80,81,82,83,84,85,86,87,88,89,90,91,92,93"
f0774dfa-9313-49f2-9650-5c12ae3a3cbb,375.1221532091097,226.96376811594203,"54,53"
f0774dfa-9313-49f2-9650-5c12ae3a3cbb,130.29444444444442,186.91666666666669,"63,64"
f0774dfa-9313-49f2-9650-5c12ae3a3cbb,375.5097451274363,227.58845577211395,"53,54"
75f9c012-f2b0-4d75-bba4-1290d4f90cf6,437.19353833389886,181.14261305424492,"69,68,67,66,65"
75f9c012-f2b0-4d75-bba4-1290d4f90cf6,424.3726898710451,238.77031788873893,"62,61,60,59"
75f9c012-f2b0-4d75-bba4-1290d4f90cf6,340.9570621437861,275.8242327753863,"15,14,13,12,11,10"
75f9c012-f2b0-4d75-bba4-1290d4f90cf6,341.32858057763445,277.224868384816,"10,11,12,13,14"
75f9c012-f2b0-4d75-bba4-1290d4f90cf6,378.76867816091954,193.51724137931035,"44,45"
75f9c012-f2b0-4d75-bba4-1290d4f90cf6,424.5627004277004,239.62972085722083,"59,60,61,62"
75f9c012-f2b0-4d75-bba4-1290d4f90cf6,438.80220134469016,182.60718860985287,"65,66,67,68"
75f9c012-f2b0-4d75-bba4-1290d4f90cf6,140.91666666666669,283.30324074074076,"32,33"
75f9c012-f2b0-4d75-bba4-1290d4f90cf6,140.80555555555557,282.71587301587306,"31,32,33"
75f9c012-f2b0-4d75-bba4-1290d4f90cf6,340.6832038849481,275.7798678694028,"10,11,12,13,14,15"
75f9c012-f2b0-4d75-bba4-1290d4f90cf6,378.47498006379584,193.65746278575224,"44,45,46"
75f9c012-f2b0-4d75-bba4-1290d4f90cf6,424.5030452541025,239.14363685183466,"59,60,61,62"
75f9c012-f2b0-4d75-bba4-1290d4f90cf6,437.25445425772807,182.09591320705303,"65,66,67,68,69"
75f9c012-f2b0-4d75-bba4-1290d4f90cf6,429.94,341.91499999999996,"50,51"
75f9c012-f2b0-4d75-bba4-1290d4f90cf6,438.99201693469786,182.23237912489557,"64,65,66,67,68,69"
75f9c012-f2b0-4d75-bba4-1290d4f90cf6,424.8079048582996,239.28152327935223,"59,60,61,62"
75f9c012-f2b0-4d75-bba4-1290d4f90cf6,378.6600120992136,194.01996370235932,"44,45,46"
75f9c012-f2b0-4d75-bba4-1290d4f90cf6,140.7186507936508,283.06309523809523,"32,33"
75f9c012-f2b0-4d75-bba4-1290d4f90cf6,341.11646833164957,274.13740225862523,"9,10,11,12,13,14,15,16"
3d103608-f691-4fa0-8490-5693e2cb54c7,157.92256658050943,204.37497216061254,"43,44,45,46,47,48,49,50"
3d103608-f691-4fa0-8490-5693e2cb54c7,101.98713450292398,283.0669590643275,"93,94,95"
3d103608-f691-4fa0-8490-5693e2cb54c7,178.20175063499423,346.26903938709137,"102,103,104,105,106,107"
3d103608-f691-4fa0-8490-5693e2cb54c7,410.8028904307099,222.71386495921269,"51,52,53,54,55,56,57"
3d103608-f691-4fa0-8490-5693e2cb54c7,412.18980186480184,216.64632867132863,"110,111,112,113,114"
3d103608-f691-4fa0-8490-5693e2cb54c7,324.29439582156976,341.6599378881987,"141,142,143,144"
3d103608-f691-4fa0-8490-5693e2cb54c7,158.2771067691121,204.22295109303516,"43,44,45,46,47,48,49,50"
3d103608-f691-4fa0-8490-5693e2cb54c7,178.1524711319868,346.10349907445493,"102,103,104,105,106,107"
3d103608-f691-4fa0-8490-5693e2cb54c7,324.35107742181543,341.905444317315,"141,142,143,144"
3d103608-f691-4fa0-8490-5693e2cb54c7,412.1859995399126,216.58392914653786,"110,111,112,113,114"
3d103608-f691-4fa0-8490-5693e2cb54c7,410.5239805032431,222.56156902009437,"51,52,53,54,55,56,57"
3d103608-f691-4fa0-8490-5693e2cb54c7,323.9062033288349,341.7838416554206,"144,143,142,141,140"
3d103608-f691-4fa0-8490-5693e2cb54c7,411.5095503911293,216.5043100174679,"114,113,112,111,110,109"
3d103608-f691-4fa0-8490-5693e2cb54c7,177.60299051735834,345.81276998863206,"107,106,105,104,103,102"
3d103608-f691-4fa0-8490-5693e2cb54c7,410.6515540187477,221.3801349450445,"58,57,56,55,54,53,52,51"
3d103608-f691-4fa0-8490-5693e2cb54c7,157.3568387061926,203.45232273447778,"50,49,48,47,46,45,44,43"
f1446c51-01ad-465f-8123-974731bc8c33,125.30257531403495,330.3469761765724,"49,50,51,52,53,54,55"
f1446c51-01ad-465f-8123-974731bc8c33,153.61295562513715,285.5821139586366,"79,80,81,82,83"
f1446c51-01ad-465f-8123-974731bc8c33,154.2382783882784,286.4197802197802,"79,80,81,82,83"
f1446c51-01ad-465f-8123-974731bc8c33,183.36111111111111,175.8425925925926,"97,98"
f1446c51-01ad-465f-8123-974731bc8c33,296.20247059957586,338.4765673799884,"42,43,44,45,46,47"
f1446c51-01ad-465f-8123-974731bc8c33,154.45172207059463,287.2363470316902,"78,79,80,81,82,83"
d8691fb3-5fcb-423f-b980-d70c1879c86a,126.69,397.21916666666664,"56,55"
d8691fb3-5fcb-423f-b980-d70c1879c86a,311.88850308641975,406.9577160493827,"54,53,52"
d8691fb3-5fcb-423f-b980-d70c1879c86a,126.76515151515152,397.76731601731603,"55,56"
d8691fb3-5fcb-423f-b980-d70c1879c86a,312.5925925925926,407.3333333333333,53
d8691fb3-5fcb-423f-b980-d70c1879c86a,313.0464285714286,406.50119047619046,"52,53"
d8691fb3-5fcb-423f-b980-d70c1879c86a,126.63157894736842,397.7631578947369,"55,56"
1ce8a5bb-18a3-4606-8e8e-f9e15dbe09e0,150.21892109500806,301.1850241545893,"164,163,162,161,160"
1ce8a5bb-18a3-4606-8e8e-f9e15dbe09e0,206.59790135743927,206.69357296136567,"109,108,107,106,105,104"
1ce8a5bb-18a3-4606-8e8e-f9e15dbe09e0,207.41613768616946,207.19120394376748,"104,105,106,107,108,109"
1ce8a5bb-18a3-4606-8e8e-f9e15dbe09e0,207.3545391414141,207.0154934210526,"104,105,106,107,108,109"
1ce8a5bb-18a3-4606-8e8e-f9e15dbe09e0,145.1736185383244,267.1588235294118,"157,158,159"
7b54923e-4796-47aa-b876-d1e9d74eac15,140.4606386445096,312.6915235302332,"74,73,72,71,70,69"
7b54923e-4796-47aa-b876-d1e9d74eac15,140.4996467237585,313.6116428831774,"68,69,70,71,72,73,74"
7b54923e-4796-47aa-b876-d1e9d74eac15,140.7085933499744,313.31981566820275,"68,69,70,71,72,73,74,75"
7b54923e-4796-47aa-b876-d1e9d74eac15,181.88690996503496,347.71298076923074,"81,82,83,84"
7b54923e-4796-47aa-b876-d1e9d74eac15,140.8237161531279,312.55201622315593,"69,70,71,72,73,74"
1099cf0a-88d0-4c7c-8260-12a499407508,148.71951127819548,279.023074352548,"130,131,132,133,134"
1099cf0a-88d0-4c7c-8260-12a499407508,146.21919903408576,278.91355487178987,"127,128,129,130,131,132,133,134"
fbf9b0aa-bb79-4f54-8258-8597d40be5d6,178.63529631594392,241.169461836071,"32,31,30,29,28,27"
fbf9b0aa-bb79-4f54-8258-8597d40be5d6,179.29888443185095,241.78085890442773,"26,27,28,29,30,31,32"
8c6d2a58-c853-49fb-9aa4-fbc3e03123aa,185.0752597860059,242.214055093085,"26,25,24,23,22,21,20,19"
8c6d2a58-c853-49fb-9aa4-fbc3e03123aa,188.09330384679103,242.2019255736021,"19,20,21,22,23,23,23,24,24,24,24,25,25,25,26,26,26,27"
8c6d2a58-c853-49fb-9aa4-fbc3e03123aa,186.347904092738,242.00988651419192,"19,20,21,22,23,24,25,26"
05a81ac8-cfde-4449-9977-6a8752885d05,358.51520061728394,362.0898148148148,"109,108,107"
05a81ac8-cfde-4449-9977-6a8752885d05,335.9605672105672,366.8054168054168,"88,87,86"
05a81ac8-cfde-4449-9977-6a8752885d05,333.3591700831276,325.4915676962609,"84,83,82"
05a81ac8-cfde-4449-9977-6a8752885d05,117.90202716823406,226.21780564263324,"78,77,76"
05a81ac8-cfde-4449-9977-6a8752885d05,84.65392568266132,327.31739950130753,"72,71,70"
05a81ac8-cfde-4449-9977-6a8752885d05,301.7904895684901,202.95618241906945,"53,52,51,50,49,48,47"
05a81ac8-cfde-4449-9977-6a8752885d05,280.1677199955217,192.2653185176892,"48,47,46,45"
05a81ac8-cfde-4449-9977-6a8752885d05,303.1287734396311,203.63541342185616,"47,48,49,50,51,52"
05a81ac8-cfde-4449-9977-6a8752885d05,280.31949641949643,193.103927003927,"45,46,47"
05a81ac8-cfde-4449-9977-6a8752885d05,359.05298913043475,361.90285326086956,"107,108"
05a81ac8-cfde-4449-9977-6a8752885d05,118.56047347714015,225.927384344051,"76,77,78"
05a81ac8-cfde-4449-9977-6a8752885d05,160.34944706532366,361.14604296825195,"47,48,49,50,51"
05a81ac8-cfde-4449-9977-6a8752885d05,337.3553486997636,366.83850472813236,"86,87,88"
05a81ac8-cfde-4449-9977-6a8752885d05,118.33821878919919,226.11269558328385,"76,77,78"
05a81ac8-cfde-4449-9977-6a8752885d05,160.08526936026936,360.6886363636364,"47,48,49,50,51"
05a81ac8-cfde-4449-9977-6a8752885d05,111.24817723799674,365.8530571496891,"62,63,64,65,66"
05a81ac8-cfde-4449-9977-6a8752885d05,171.85559845559845,269.8409266409266,"92,93"
05a81ac8-cfde-4449-9977-6a8752885d05,280.00514543935594,192.4342105263158,"45,46,47"
05a81ac8-cfde-4449-9977-6a8752885d05,302.58216952197097,202.68172424377175,"47,48,49,50,51,52,53"
05a81ac8-cfde-4449-9977-6a8752885d05,392.544430468204,360.07449336128576,"61,62,63"
05a81ac8-cfde-4449-9977-6a8752885d05,337.32390180878554,366.072157622739,"86,87,88"
05a81ac8-cfde-4449-9977-6a8752885d05,358.91845808512477,361.6724510057843,"107,108,109"
05a81ac8-cfde-4449-9977-6a8752885d05,332.82429660186233,326.4318312144698,"81,82,83,84,85"
05a81ac8-cfde-4449-9977-6a8752885d05,209.10780423280423,231.08333333333334,"61,62,63"
05a81ac8-cfde-4449-9977-6a8752885d05,302.400689164152,202.8126199669457,"47,48,49,50,51,52,53"
05a81ac8-cfde-4449-9977-6a8752885d05,280.65808284852403,192.24488795518207,"45,46,47,48"
7684ea02-f787-4e11-a7da-e24073a3885d,58.272880311993056,294.29410596567186,"234,233,232,231,230,229"
7684ea02-f787-4e11-a7da-e24073a3885d,58.521641261963836,294.65753440108284,"229,230,231,232,233"
6bb40b16-0237-47e4-acfc-1b401f3b3b23,187.22467190943698,332.49377128831895,"68,67,66,65"
6bb40b16-0237-47e4-acfc-1b401f3b3b23,218.64717158990783,302.3490547824377,"45,45,44,44,43,42,41,41,40"
6bb40b16-0237-47e4-acfc-1b401f3b3b23,132.3003323836657,281.7397910731244,"28,27,26"
6bb40b16-0237-47e4-acfc-1b401f3b3b23,133.00229885057473,282.06954022988504,"27,28"
6bb40b16-0237-47e4-acfc-1b401f3b3b23,219.43717252533042,299.6375650665124,"40,41,42,43,44,45"
6bb40b16-0237-47e4-acfc-1b401f3b3b23,187.26626000738526,332.8300350405795,"65,66,66,67,67"
6bb40b16-0237-47e4-acfc-1b401f3b3b23,133.34829059829062,282.0518162393162,"26,27,28"
6bb40b16-0237-47e4-acfc-1b401f3b3b23,187.8522173408488,332.9998922413793,"65,66,67,68"
84eb0772-305e-40e7-bd99-81396e6dad57,194.31196090296967,253.5203221283265,"35,36,37,38,39,40"
84eb0772-305e-40e7-bd99-81396e6dad57,184.2743485586704,320.1030215079627,"87,88,89,90,91,92,93,94,95,96,97,98,99,100,101,102,103,104,105,106"
84eb0772-305e-40e7-bd99-81396e6dad57,183.99208477680477,319.02447951188395,"106,105,104,103,102,101,100,99,98,97,96,95,94,93,92,91,90,89,88"
84eb0772-305e-40e7-bd99-81396e6dad57,194.43626794258373,253.32319510898458,"40,39,38,37,36,35"
84eb0772-305e-40e7-bd99-81396e6dad57,194.84647614971144,252.76603749919926,"35,36,37,38,39,40,41"
84eb0772-305e-40e7-bd99-81396e6dad57,347.8780470784805,312.05367536488274,"76,77,77,78,79,80,81"
84eb0772-305e-40e7-bd99-81396e6dad57,311.8672969187675,362.4457282913165,"170,171,172"
84eb0772-305e-40e7-bd99-81396e6dad57,193.9688027001423,253.36226338210219,"34,35,36,37,38,39,40"
84eb0772-305e-40e7-bd99-81396e6dad57,183.66256281770356,319.88358905086693,"86,87,88,89,90,91,92,93,94,95,96,97,98,99,100,101,102,103,104,105,106"
74097ba9-34f3-4895-b27b-442d61000712,107.76113390051138,330.8826580272847,"168,169,170,171,172,173,174,175,176,177,178,179,180"
74097ba9-34f3-4895-b27b-442d61000712,107.69841797370019,332.3804588290341,"167,168,169,170,171,172,173,174,175,176,177,178,179,180"
74097ba9-34f3-4895-b27b-442d61000712,106.76367934318972,332.1984234604061,"167,168,169,170,171,172,173,174,175,176,177,178,179,180,181"
244972ef-bf46-4b85-beda-774c009153dc,163.2538063184437,191.21637135244103,"56,55,54,53,52"
244972ef-bf46-4b85-beda-774c009153dc,337.9166156467525,242.9173272234046,"41,40,39,38,37,36"
244972ef-bf46-4b85-beda-774c009153dc,338.60598919054803,243.94544997486173,"37,38,39,40"
244972ef-bf46-4b85-beda-774c009153dc,164.02116402817302,191.94816709109062,"52,53,54,55,56"
244972ef-bf46-4b85-beda-774c009153dc,338.1956499800048,243.29181709004288,"36,37,38,39,40,41"
244972ef-bf46-4b85-beda-774c009153dc,163.89428065640104,191.72060893866166,"52,53,54,55,56"
f0628950-207b-4b23-a4e0-4f76583dc0ab,428.4030934343434,286.6550925925926,"143,144,145,146,147,148"
402b7b19-ae07-41d9-97bf-577bb49ce722,179.6041239462292,288.2741102756892,"24,23,22,21,20"
8d69701f-bcf0-4b72-9b39-410f2cb2da9b,344.0394362817474,350.20238170344953,"91,90,89,88,87,86,85,84,83,82,81,80,79,78,77,76,75,74,73,72,71"
8d69701f-bcf0-4b72-9b39-410f2cb2da9b,344.48439228838885,350.08596768620464,"71,72,73,74,75,76,77,78,79,80,81,82,83,84,85,86,87,88,89,90,91,92"
8d69701f-bcf0-4b72-9b39-410f2cb2da9b,344.4162700406028,349.7008565772273,"71,72,73,74,75,76,77,78,79,80,81,82,83,84,85,86,87,88,89,90,90,91,92"
8d69701f-bcf0-4b72-9b39-410f2cb2da9b,344.3412093691764,351.0115715115415,"69,70,71,72,73,74,75,76,77,78,79,80,81,82,83,84,85,86,87,88,89,90,91,92"
b163fc58-426d-4322-b6b4-2db104861a9e,155.09427552552552,355.3186561561561,"45,44,43"
b163fc58-426d-4322-b6b4-2db104861a9e,347.12424865148074,314.8532276172032,"23,22,21,20,19,18,17,16"
b163fc58-426d-4322-b6b4-2db104861a9e,347.00277024431034,316.09394814518373,"17,18,19,20,21,22,23"
b163fc58-426d-4322-b6b4-2db104861a9e,186.01636566332218,355.9746265328874,"19,20,21"
b163fc58-426d-4322-b6b4-2db104861a9e,155.40349062702003,356.4868993751347,"43,44,45"
b163fc58-426d-4322-b6b4-2db104861a9e,347.15014306537944,315.9118627312708,"16,17,18,19,20,21,22,23"
b163fc58-426d-4322-b6b4-2db104861a9e,186.15863247863248,356.2931623931624,"19,20,21"
b163fc58-426d-4322-b6b4-2db104861a9e,155.63174603174602,356.2190476190476,"43,44,45"
b163fc58-426d-4322-b6b4-2db104861a9e,347.3538609916064,315.7306140926214,"16,17,18,19,20,21,22,23,24"
c4225fa5-5137-41d5-be76-62a5bbd283ed,299.47387626675385,319.37068486433475,"69,68,67,66"
c4225fa5-5137-41d5-be76-62a5bbd283ed,299.96881271665757,320.07088122605364,"66,67,68,69"
c4225fa5-5137-41d5-be76-62a5bbd283ed,299.9490126731506,320.03947772374494,"66,67,68,69"
2db09ab0-e5b5-4f61-a4a5-426a53b74f3b,356.59078420517454,275.76662665054477,"43,42,41,40,39,38"
2db09ab0-e5b5-4f61-a4a5-426a53b74f3b,356.6884146036141,275.93156296169815,"38,39,40,41,42"
2db09ab0-e5b5-4f61-a4a5-426a53b74f3b,355.80712626373,274.4578186002714,"38,39,40,40,41,42"
ac249c6d-cb73-4970-a5bf-cb0d052126e7,344.95894260943965,382.70566768261926,"85,84,83,82,81,80,79,78,77,76,75"
ac249c6d-cb73-4970-a5bf-cb0d052126e7,137.34289831918016,313.2122829511885,"84,83,82,81,80"
ac249c6d-cb73-4970-a5bf-cb0d052126e7,104.43147296544036,222.70329919175026,"75,74,73,72"
ac249c6d-cb73-4970-a5bf-cb0d052126e7,345.28603011346075,384.39270838492286,"76,77,78,79,80,81,82,83,84,85"
ac249c6d-cb73-4970-a5bf-cb0d052126e7,105.1392521994135,223.33806614532418,"72,73,74,75,76"
ac249c6d-cb73-4970-a5bf-cb0d052126e7,345.3485885499464,383.15772355300254,"75,76,77,78,79,80,81,82,83,84,85"
ac249c6d-cb73-4970-a5bf-cb0d052126e7,105.03325319693094,223.4632031688603,"72,73,74,75,76"
ac249c6d-cb73-4970-a5bf-cb0d052126e7,345.77106215703094,385.4490862590473,"75,76,77,78,79,80,81,82,83,84,85,86"
d8137ba8-37ed-4b52-add6-bdeba45e5b2d,370.12158808933003,355.79569892473114,"50,49"
d8137ba8-37ed-4b52-add6-bdeba45e5b2d,370.98614718614715,357.0670995670996,"49,50"
d8137ba8-37ed-4b52-add6-bdeba45e5b2d,391.5,333.38461538461536,65
d8137ba8-37ed-4b52-add6-bdeba45e5b2d,371.78276886512185,356.49661319073084,"48,49,50"
d8137ba8-37ed-4b52-add6-bdeba45e5b2d,391.5,333.3076923076923,65
7e9ba71c-27d1-4158-8abb-0ec144261a32,438.4742327365729,281.03992611537365,"52,51,50,49"
7e9ba71c-27d1-4158-8abb-0ec144261a32,378.9021134593993,227.29143492769745,"47,46"
7e9ba71c-27d1-4158-8abb-0ec144261a32,364.42684531578925,309.832704448711,"20,19,18,17,16,15"
7e9ba71c-27d1-4158-8abb-0ec144261a32,363.86644423067287,308.3101597062609,"16,17,18,19,20,20"
7e9ba71c-27d1-4158-8abb-0ec144261a32,439.07206683427614,281.12515451498007,"49,50,51,52"
7e9ba71c-27d1-4158-8abb-0ec144261a32,379.3269230769231,227.59846153846155,"46,47"
7e9ba71c-27d1-4158-8abb-0ec144261a32,91.00394736842105,295.17105263157896,"66,67"
7e9ba71c-27d1-4158-8abb-0ec144261a32,365.1225265024709,310.80544469684895,"15,16,17,18,19,20"
7e9ba71c-27d1-4158-8abb-0ec144261a32,439.6177337155598,281.6831700907788,"49,50,51,52"
7e9ba71c-27d1-4158-8abb-0ec144261a32,364.2479280622309,310.3418954795515,"14,15,16,17,18,19,20"
ccff0599-1767-4e52-92c2-66853e35daee,200.6246690896038,304.7722503188919,"63,62,61,60"
ccff0599-1767-4e52-92c2-66853e35daee,203.62070275403607,304.19379324379327,"60,61,62,63,64,65"
ccff0599-1767-4e52-92c2-66853e35daee,203.15590555866126,304.92703629623,"57,58,59,60,61,62,63,64,65,66"
5c34c01a-96b4-462a-95b1-6b919c9147fd,357.1112914862915,281.7057942057942,"57,56,55,54"
5c34c01a-96b4-462a-95b1-6b919c9147fd,321.1263736263736,334.64835164835165,"21,22"
5c34c01a-96b4-462a-95b1-6b919c9147fd,296.96859354413704,237.31734189723318,"23,24,25,26"
5c34c01a-96b4-462a-95b1-6b919c9147fd,357.7041975308642,282.19506172839505,"55,56,57"
5c34c01a-96b4-462a-95b1-6b919c9147fd,291.6954887218045,365.43233082706763,"50,51"
5c34c01a-96b4-462a-95b1-6b919c9147fd,329.3333333333333,262.57226399331665,"41,42,43"
5c34c01a-96b4-462a-95b1-6b919c9147fd,112.45959595959596,203.69949494949498,"50,51"
5c34c01a-96b4-462a-95b1-6b919c9147fd,357.68490864245297,282.1232074285438,"54,55,56,57,58"
5c34c01a-96b4-462a-95b1-6b919c9147fd,290.99190283400804,365.2354925775978,"49,50,51"
5c34c01a-96b4-462a-95b1-6b919c9147fd,322.1826923076923,334.734375,"21,22"
5c34c01a-96b4-462a-95b1-6b919c9147fd,296.9431216931217,237.34708994708996,"23,24,25,26"
5c34c01a-96b4-462a-95b1-6b919c9147fd,329.0324074074074,262.8449074074074,"41,42"
1d78bfcf-57bc-45e2-9468-fdaf4e397ab3,407.0401531206966,287.97554392761265,"61,60,59,58,57"
1d78bfcf-57bc-45e2-9468-fdaf4e397ab3,377.12655122655116,361.5984126984127,"35,34,33"
1d78bfcf-57bc-45e2-9468-fdaf4e397ab3,376.8604497354497,362.4755291005291,"33,34"
1d78bfcf-57bc-45e2-9468-fdaf4e397ab3,407.01869912731735,288.24828578220746,"57,58,59,60,61,62"
1d78bfcf-57bc-45e2-9468-fdaf4e397ab3,407.62322098344043,288.53036508842246,"57,58,59,60,61,62"
1d78bfcf-57bc-45e2-9468-fdaf4e397ab3,407.6669430318043,288.21119984551245,"56,57,58,59,60,61,62"
1d78bfcf-57bc-45e2-9468-fdaf4e397ab3,376.9900171179583,361.8737881263617,"31,32,33,34,35"
e0bc568a-df62-453c-b10d-349d5e5a8313,366.94312572234816,349.25260172297504,"68,67,66,65,64,63,62"
e0bc568a-df62-453c-b10d-349d5e5a8313,307.8442608861726,197.80588235294118,"59,58,57,56"
e0bc568a-df62-453c-b10d-349d5e5a8313,221.037447786132,219.04374686716793,"58,57,56,55,54"
e0bc568a-df62-453c-b10d-349d5e5a8313,367.127101137938,350.440850847468,"62,63,64,65,66,67,68"
e0bc568a-df62-453c-b10d-349d5e5a8313,221.77881426079026,219.69004221506597,"54,55,56,57,58"
e0bc568a-df62-453c-b10d-349d5e5a8313,307.9870071684588,198.0806451612903,"57,58"
e0bc568a-df62-453c-b10d-349d5e5a8313,221.89421797127844,219.95032548638375,"54,55,56,57,58"
e0bc568a-df62-453c-b10d-349d5e5a8313,308.2364033037245,197.83706731143837,"56,57,58,59"
e0bc568a-df62-453c-b10d-349d5e5a8313,367.35896040573914,350.3131707620328,"62,63,64,65,66,67,68"
e0bc568a-df62-453c-b10d-349d5e5a8313,365.31183798077967,349.2456662541275,"61,62,63,64,65,66,67,68,69,70"
9b7d6610-c56a-4471-9cac-2e52c0fa33f0,221.3820057365494,288.94052294119035,"63,62,61,60,59,58,57,56,55,54"
9b7d6610-c56a-4471-9cac-2e52c0fa33f0,221.70992601574545,290.4518591946364,"54,55,56,57,58,59,60,61,62,63"
9b7d6610-c56a-4471-9cac-2e52c0fa33f0,221.91914780166698,290.223427903204,"54,55,56,57,58,59,60,61,62,63"
9b7d6610-c56a-4471-9cac-2e52c0fa33f0,382.0346249610955,279.5193744164332,"21,22,23,24"
9702e43c-93fd-4ddb-8594-d29cb54a627b,316.9256326204263,235.4959550507073,"24,23,22,21,20,20,19,18,17,16,16,15"
9702e43c-93fd-4ddb-8594-d29cb54a627b,317.25757332167115,234.57292299619556,"15,16,17,18,19,20,21,22,23"
9702e43c-93fd-4ddb-8594-d29cb54a627b,318.042070771246,235.92925216329925,"14,15,16,17,18,19,20,21,22,23,24,25"
9702e43c-93fd-4ddb-8594-d29cb54a627b,316.0742591422579,234.97311724429048,"14,15,16,17,18,19,20,21,22,23,24"
2a334cc1-0271-4a36-b2a6-8a9e87f366ae,316.79780089784765,282.3988326552118,"86,87,88,89,90,91,92,93,94,95,96,97,98,99,100,101,102,103,104"
f38dfd30-774d-456b-9f65-929d50043332,119.11300309597523,283.6362229102167,"32,33"
f38dfd30-774d-456b-9f65-929d50043332,118.77350762527233,284.1204357298475,"34,33,32"
ff0cebf7-fadb-42f8-87cf-0a52ce4f35f8,295.0138888888889,376.46875,"147,148"
ff0cebf7-fadb-42f8-87cf-0a52ce4f35f8,295.06944444444446,376.44444444444446,"147,148"
288d8936-e611-4a7e-97bd-08dd042e70db,428.0783868887716,279.99520011171774,"112,113,114,115,116,117,118,119"
288d8936-e611-4a7e-97bd-08dd042e70db,420.10560735560733,304.65177415177413,"129,130,131,132"
288d8936-e611-4a7e-97bd-08dd042e70db,255.82985318940692,223.45155227733727,"138,139,140,141,142"
288d8936-e611-4a7e-97bd-08dd042e70db,256.6733082706767,223.75105263157897,"138,139,140,141"
288d8936-e611-4a7e-97bd-08dd042e70db,428.19878278868725,280.4229026415512,"111,112,113,114,115,116,117,118,119"
288d8936-e611-4a7e-97bd-08dd042e70db,255.91660052910052,224.08000661375664,"138,139,140,141,142"
288d8936-e611-4a7e-97bd-08dd042e70db,420.3578335832084,305.17632076818734,"129,130,131,132"
288d8936-e611-4a7e-97bd-08dd042e70db,427.8809908085601,280.2303425267421,"111,112,113,114,115,116,117,118,119"
3847f3fe-2f25-4456-891c-b687711d4a05,177.81015154207878,267.07160393178117,"39,40,41,42,42,43,43,44,44,45,45,46,46,47,47,48,48,49,50,51,52,53,54,55,56,57,58"
3847f3fe-2f25-4456-891c-b687711d4a05,178.91247822938465,265.96091112659036,"37,38,39,40,41,42,43,44,45,46,47,47,48,48,49,50,51,52,53,54,55,56,57"
3847f3fe-2f25-4456-891c-b687711d4a05,178.30027814091852,267.50082950573864,"59,58,57,56,56,55,54,53,52,51,50,49,48,47,46,45,44,43,42,41,40,39,38"
79080985-32a7-454e-a5ce-bbb9d753985b,382.3935680332739,321.958853238265,"32,31,30"
79080985-32a7-454e-a5ce-bbb9d753985b,383.189622802526,322.34690220174093,"30,31,32"
79080985-32a7-454e-a5ce-bbb9d753985b,281.2612303265603,335.8712137144017,"25,26,27,28,29,30"
b77af1ee-15ed-41d4-b812-bc10bd5ee82f,149.63908788843213,221.85222467878208,"66,67,68,69,70"
b77af1ee-15ed-41d4-b812-bc10bd5ee82f,149.83834575011045,222.0033837622073,"66,67,68,69"
b77af1ee-15ed-41d4-b812-bc10bd5ee82f,149.66415343536246,221.41782739118804,"66,67,68,69,70"
0ab0d495-5d0f-4492-a39a-c559836473d7,345.1716373306738,363.91118731526365,"63,64,65,66,67,68,69,70,71,72,73,74,75,75,76,77,78,79,79,80,81,82,83,84,85,86,87,88,89,90"
0ab0d495-5d0f-4492-a39a-c559836473d7,344.51061748550075,359.18940413176944,"63,64,65,66,67,68,69,70,71,72,73,74,75,76,77,78,79,80,81,82,83,84,85"
3b4a7eb0-c37e-4ada-961f-b63a9a764d89,192.70804414516252,353.9051313676671,"136,137,137,138,138,139,140,141,142,143,144,145,146,147,148,149,150,151,152,152,153,153,154,154,155,155,156,157,158,158,159,159,160,160,161,161,162,162,163,163,164,164,165,165,166,166"
3b4a7eb0-c37e-4ada-961f-b63a9a764d89,418.18863908171693,370.0283067949264,"279,280,281,282,283,284,285,286,287,288,289"
3b4a7eb0-c37e-4ada-961f-b63a9a764d89,316.9037258359457,332.17573775003734,"69,70,71,72"
3b4a7eb0-c37e-4ada-961f-b63a9a764d89,195.9812216090392,356.4512429442911,"138,139,140,141,142,143,144,145,146,147,148,149,150,151,152,153,154,155,156,157,158,159,160"
3b4a7eb0-c37e-4ada-961f-b63a9a764d89,418.112858240117,369.82427740821953,"279,280,281,282,283,284,285,286,287,288,289"
3b4a7eb0-c37e-4ada-961f-b63a9a764d89,317.30540674603174,331.78256448412696,"69,70,71,72"
3b4a7eb0-c37e-4ada-961f-b63a9a764d89,194.37731280864512,356.2601252083463,"138,139,139,139,139,140,140,140,141,141,141,142,142,143,143,143,144,144,144,145,146,147,148,149,150,151,152,153,154,155,156,157,158,159,160,161,162,163,164,165,166,167,168"
3b4a7eb0-c37e-4ada-961f-b63a9a764d89,418.30033313675057,370.3028966565404,"278,279,280,281,282,283,284,285,286,287,288,289,290"
3b4a7eb0-c37e-4ada-961f-b63a9a764d89,317.4409694641977,332.45491380487914,"67,68,69,70,71,72,73"
3b4a7eb0-c37e-4ada-961f-b63a9a764d89,193.6436601657446,354.60603285098665,"135,136,137,138,139,140,141,142,143,144,145,146,147,148,149,150,151,152,153,154,155,156,157,158,159,160,161,162,163,164,165,167,168,169"
3b4a7eb0-c37e-4ada-961f-b63a9a764d89,416.6264355724908,369.4424471159069,"278,279,280,281,282,283,284,285,286,287,288,289,290,291"
0454d6b6-abf3-4a73-8d7b-570bcef9f364,402.42993719131897,288.4127221478812,"50,49,48,47,46,45"
0454d6b6-abf3-4a73-8d7b-570bcef9f364,402.1900707882559,289.29272744295434,"45,46,47,48,49,50"
0454d6b6-abf3-4a73-8d7b-570bcef9f364,402.32177783116265,289.3945481678633,"45,46,47,48,49,50,51"
cd141707-4ebb-430a-a723-78770f37baba,305.4244599138584,304.0623853886848,"169,168,167,166,165,164,163,162"
cd141707-4ebb-430a-a723-78770f37baba,148.5136370337609,295.9010762199617,"128,127,126"
cd141707-4ebb-430a-a723-78770f37baba,305.8165213021517,304.1769909047141,"162,163,164,165,166,167,168,169"
cd141707-4ebb-430a-a723-78770f37baba,305.3395051694388,303.6442813897748,"162,163,164,165,166,167,168,169"
cd141707-4ebb-430a-a723-78770f37baba,362.7401960784314,277.3872549019608,"72,73"
cd141707-4ebb-430a-a723-78770f37baba,305.6084214764919,303.53461611647697,"161,162,163,164,165,166,167,168,169"
fcb121ff-be48-4eab-8943-689b0a1cd6f7,342.8751803751804,351.2669552669552,"116,117,118"
fcb121ff-be48-4eab-8943-689b0a1cd6f7,311.49545454545455,328.10303030303027,"51,52,53"
fcb121ff-be48-4eab-8943-689b0a1cd6f7,342.9362596553773,351.7034432560903,"114,115,116,117,118"
fcb121ff-be48-4eab-8943-689b0a1cd6f7,344.25813923395447,351.5635067287785,"115,116,117,118"
fcb121ff-be48-4eab-8943-689b0a1cd6f7,311.58584169453735,328.2065381336481,"51,52,53"
e1591ec9-afc4-411f-aa77-7eaf01482c8e,409.7191358024691,329.1111111111111,"49,48,47"
e1591ec9-afc4-411f-aa77-7eaf01482c8e,185.9004989244307,289.61998795381794,"19,18,17,16"
e1591ec9-afc4-411f-aa77-7eaf01482c8e,186.2678689185871,290.4385066996387,"16,17,18,19"
e1591ec9-afc4-411f-aa77-7eaf01482c8e,410.7932328523727,328.94075299451646,"47,48,49"
e1591ec9-afc4-411f-aa77-7eaf01482c8e,347.07095343680714,207.48337028824835,"49,50"
e1591ec9-afc4-411f-aa77-7eaf01482c8e,382.1593406593406,252.34432234432234,"45,46"
e1591ec9-afc4-411f-aa77-7eaf01482c8e,335.69565217391306,208.80434782608697,46
e1591ec9-afc4-411f-aa77-7eaf01482c8e,186.70730440291416,291.57862708719847,"16,17,18,19,20"
e1591ec9-afc4-411f-aa77-7eaf01482c8e,230.78860294117646,336.43382352941177,"38,39"
e1591ec9-afc4-411f-aa77-7eaf01482c8e,374.4467787114846,285.90756302521004,"16,17"
e1591ec9-afc4-411f-aa77-7eaf01482c8e,313.1915032679738,283.36862745098034,"16,17,18"
e1591ec9-afc4-411f-aa77-7eaf01482c8e,332.79653679653677,209.8430735930736,"46,47"
e1591ec9-afc4-411f-aa77-7eaf01482c8e,347.1902380952381,208.30672619047618,"49,50,51"
e1591ec9-afc4-411f-aa77-7eaf01482c8e,410.50734282669765,328.9639252155381,"47,48,49"
e1591ec9-afc4-411f-aa77-7eaf01482c8e,381.54173160173156,252.03142857142856,"45,46,47"
e1591ec9-afc4-411f-aa77-7eaf01482c8e,186.41156923473997,290.4648070949247,"16,17,18,19"
e1591ec9-afc4-411f-aa77-7eaf01482c8e,375.35865928938375,286.48232477498703,"15,16,17"
36359a79-16c6-446f-830e-4c5fc78a4558,401.04836257309944,312.970876345453,"57,58,59,60"
36359a79-16c6-446f-830e-4c5fc78a4558,390.2384530791789,373.432123655914,"166,167,168"
36359a79-16c6-446f-830e-4c5fc78a4558,390.05045840407473,372.7229428409734,"168,167,166"
36359a79-16c6-446f-830e-4c5fc78a4558,390.1683658170914,373.10384807596193,"166,167,168"
f4888f27-abeb-48f2-abe5-42ea83c6f51e,171.81167282501696,325.94952910135856,"49,48,47,46,45,44,43,42,41"
f4888f27-abeb-48f2-abe5-42ea83c6f51e,173.36525467235717,325.4015636499093,"42,43,44,45,46,47,48,49"
f4888f27-abeb-48f2-abe5-42ea83c6f51e,172.29660222813897,326.39448988044416,"41,42,43,44,45,46,47,48,49,50"
f4888f27-abeb-48f2-abe5-42ea83c6f51e,172.3390400201238,326.00195678885797,"41,42,43,44,45,46,47,48,49"
d09441a2-0511-4515-9e1d-c795ca7539e3,178.94881031944942,207.11657288061423,"99,100,101,102,103,104,105"
d09441a2-0511-4515-9e1d-c795ca7539e3,195.38989884510525,321.26259256724325,"149,150,151,152,153,154,155,156,157,158"
d09441a2-0511-4515-9e1d-c795ca7539e3,179.30000440735733,207.20937836673133,"100,101,102,103,104"
d09441a2-0511-4515-9e1d-c795ca7539e3,195.69910012279863,321.9626502930708,"150,151,152,153,154,155,156,157"
d09441a2-0511-4515-9e1d-c795ca7539e3,304.2954545454545,334.3727272727273,"33,34"
d09441a2-0511-4515-9e1d-c795ca7539e3,393.2878787878788,226.11111111111111,"59,60,61"
d09441a2-0511-4515-9e1d-c795ca7539e3,179.2609019607843,207.27784423334552,"100,101,102,103,104"
d09441a2-0511-4515-9e1d-c795ca7539e3,304.0738514957265,334.65357905982904,"32,33,34,35"
d09441a2-0511-4515-9e1d-c795ca7539e3,176.03519908662767,273.6531823731824,"159,160,161,162,163,164,165"
d09441a2-0511-4515-9e1d-c795ca7539e3,195.93796592913753,321.79754060833756,"151,152,153,154,155,156,157"
d09441a2-0511-4515-9e1d-c795ca7539e3,393.02091585446004,226.11726557195666,"58,59,60,61,62"
d09441a2-0511-4515-9e1d-c795ca7539e3,175.4066534478553,273.1349389450302,"158,159,160,161,162,163,164,165,166"
a0d5ae81-52bf-43d0-9e13-4f2b971e0e16,397.32490871231647,251.56694633015928,"60,59,58,57,56,55,54,53,52,51"
a0d5ae81-52bf-43d0-9e13-4f2b971e0e16,196.38857383883158,306.67841260100073,"26,25,25,24,23,23,23,22,21,20,19,18"
a0d5ae81-52bf-43d0-9e13-4f2b971e0e16,196.82890357434826,306.9894099851378,"18,19,20,21,22,23,24,25,25"
a0d5ae81-52bf-43d0-9e13-4f2b971e0e16,397.63691949559615,252.2548963839431,"51,52,53,54,55,56,57,58,59,60"
a0d5ae81-52bf-43d0-9e13-4f2b971e0e16,196.463742264239,307.8779738515124,"18,19,20,21,22,23,24,25,26"
a0d5ae81-52bf-43d0-9e13-4f2b971e0e16,397.93510664784424,252.71071022478085,"51,52,53,54,55,56,57,58,59,60"
a0d5ae81-52bf-43d0-9e13-4f2b971e0e16,194.9547438936109,308.7868857614784,"16,17,18,19,20,21,22,23,24,25,26"
2f5991ad-8cc3-4c41-ac72-0b8efde1ce49,309.56612554112553,218.31810966810966,"36,35,34,33,32,31"
2f5991ad-8cc3-4c41-ac72-0b8efde1ce49,310.0325874209333,218.6874448024824,"31,32,33,34,35,36,37"
2f5991ad-8cc3-4c41-ac72-0b8efde1ce49,315.5063127354734,273.07543163790456,"59,60,60,61,61,62,62,62,63,64,65,66,66,67,68,69,70,71"
2f5991ad-8cc3-4c41-ac72-0b8efde1ce49,310.21173660647344,218.78643189169506,"31,32,33,34,35,36"
e02151b3-9e7a-4e79-8ebf-61c5711f5a55,82.66487742780846,345.8669888540578,"96,95,94,93"
e02151b3-9e7a-4e79-8ebf-61c5711f5a55,147.33981481481482,234.70833333333334,"92,91,90"
e02151b3-9e7a-4e79-8ebf-61c5711f5a55,82.41071428571428,338.6309523809524,"91,90"
e02151b3-9e7a-4e79-8ebf-61c5711f5a55,375.66083540721223,366.51812814131654,"81,80,79"
e02151b3-9e7a-4e79-8ebf-61c5711f5a55,79.19098515519568,219.974008097166,"84,85,86,87,88,89"
e02151b3-9e7a-4e79-8ebf-61c5711f5a55,60.719565217391306,275.3369565217392,"107,108,109"
e02151b3-9e7a-4e79-8ebf-61c5711f5a55,375.64516129032256,366.6774193548387,80
e02151b3-9e7a-4e79-8ebf-61c5711f5a55,430.0115740740741,330.1921296296296,"87,88"
e02151b3-9e7a-4e79-8ebf-61c5711f5a55,147.55,235.4,91
e02151b3-9e7a-4e79-8ebf-61c5711f5a55,82.4283625730994,338.5921052631579,"90,91"
e02151b3-9e7a-4e79-8ebf-61c5711f5a55,83.41263440860216,345.52643369175627,"93,94,95"
e02151b3-9e7a-4e79-8ebf-61c5711f5a55,376.1730769230769,366.38621794871796,"79,80,81"
e02151b3-9e7a-4e79-8ebf-61c5711f5a55,78.33908554226288,219.41580733442805,"84,85,86,87,88,89,90"
d8823293-dd8c-4d93-baf1-53aad531499c,73.6911978774124,285.18054036882745,"224,223,222,221,220,219"
d8823293-dd8c-4d93-baf1-53aad531499c,88.11063619351664,289.1068035225644,"169,168,167,166,165,164"
d8823293-dd8c-4d93-baf1-53aad531499c,88.53247989043757,288.9980848242147,"164,165,166,167,168,169"
d8823293-dd8c-4d93-baf1-53aad531499c,73.69911458711297,285.9862188688075,"219,220,221,222,223,224,225"
d8823293-dd8c-4d93-baf1-53aad531499c,73.83878374785633,286.1352363507605,"218,219,220,221,222,223,224,225"
d8823293-dd8c-4d93-baf1-53aad531499c,88.4278844605475,288.674012345679,"164,165,166,167,168,169"
db9f4c64-cc38-41c5-b7a3-38225ef3c537,122.89615384615385,290.01346153846157,"63,62"
db9f4c64-cc38-41c5-b7a3-38225ef3c537,369.2546583850932,270.13354037267084,"45,44"
db9f4c64-cc38-41c5-b7a3-38225ef3c537,121.04985337243401,290.0608504398827,"62,63"
db9f4c64-cc38-41c5-b7a3-38225ef3c537,368.44047619047615,269.8571428571429,"44,45"
db9f4c64-cc38-41c5-b7a3-38225ef3c537,368.4410774410775,270.0016835016835,"44,45"
90b0bc2a-3f3b-431d-a763-9b5cb2ff7f3e,438.39473684210526,337.5657894736842,"100,101"
90b0bc2a-3f3b-431d-a763-9b5cb2ff7f3e,405.875,365.8125,100
edf64640-bf56-44b8-b6de-b22b8b708bb1,384.9085714285714,195.10725274725277,"95,96,97"
b6fbb395-98db-4f7e-9a2b-4046a0a78689,169.03118601044625,215.45361932129174,"110,109,108,107,106,106"
b6fbb395-98db-4f7e-9a2b-4046a0a78689,169.11247794758432,215.73867488894084,"107,108,109,110"
b6fbb395-98db-4f7e-9a2b-4046a0a78689,174.82129566340095,174.5200501253133,"131,132,133"
0fa90735-0020-48c2-a24a-ffaaae513db5,153.61830859171775,306.75230485075866,"222,223,224,225,226,227,228,229,230,231,232"
0fa90735-0020-48c2-a24a-ffaaae513db5,154.32445568349164,306.10937524291717,"222,223,224,225,226,227,228,229,229"
0fa90735-0020-48c2-a24a-ffaaae513db5,169.25240695623546,308.9312012409076,"222,223,223,224,225,226,227,228,229,230,231,232,233,234,235,236,237,237,238,239,240,240,241,241,241,241,242,242,243,244,245,246,247,248,249,250,251,252"
0fa90735-0020-48c2-a24a-ffaaae513db5,348.10695846692397,232.08393787214555,"81,82,83,84,85,86,87,88"
0fa90735-0020-48c2-a24a-ffaaae513db5,153.8543136839154,308.1826444179549,"222,223,224,225,226,227,228,229,230"
8c522301-928f-4583-b4ed-7eac61d58899,194.53930058853658,290.17514637978593,"42,41,40,39,38,37,36,35,34,33"
8c522301-928f-4583-b4ed-7eac61d58899,294.0863392981985,264.53071385423965,"16,17,18,19,20,21,22,23,24,25,26,27"
8c522301-928f-4583-b4ed-7eac61d58899,194.99445057115665,288.545430014817,"33,33,33,34,34,34,34,34,35,35,35,36,37,37,37,38,39,39,40,41,41,41,42,42,42,42,42,43,43"
8c522301-928f-4583-b4ed-7eac61d58899,193.1975247785572,288.9679297650684,"32,33,34,35,36,37,38,39,40,41,42"
8c522301-928f-4583-b4ed-7eac61d58899,194.09628217330015,288.75826952306176,"32,33,34,35,36,37,38,39,40,41,42,43,44"
ff1024e0-d8bc-4a3e-9b2b-8905ec44de3c,324.34199134199133,365.9015151515151,"70,69"
ff1024e0-d8bc-4a3e-9b2b-8905ec44de3c,339.1251598013427,269.66359318491465,"23,22,21,20,19"
ff1024e0-d8bc-4a3e-9b2b-8905ec44de3c,338.8974460921269,270.708803997421,"19,20,21,22,23"
ff1024e0-d8bc-4a3e-9b2b-8905ec44de3c,339.24221760429845,270.27891080585545,"19,20,21,22,23,24"
385c7b7f-f2fa-4abe-9fa8-de4fe7211a29,364.16111111111115,134.075,"81,80"
385c7b7f-f2fa-4abe-9fa8-de4fe7211a29,166.79040292421752,166.69854611784703,"63,62,61,60,59"
385c7b7f-f2fa-4abe-9fa8-de4fe7211a29,166.61310483870966,166.93526209677418,"60,61,62,63"
385c7b7f-f2fa-4abe-9fa8-de4fe7211a29,353.08241943429,273.3460760675119,"48,49,50"
385c7b7f-f2fa-4abe-9fa8-de4fe7211a29,166.7521383300795,167.48475299210594,"59,60,61,62,63"
385c7b7f-f2fa-4abe-9fa8-de4fe7211a29,364.34096109839817,134.54118993135012,"80,81"
1122d392-b3dd-46ba-b6fb-308e7cfbad4e,117.68181818181819,227.32305194805195,"67,66"
1122d392-b3dd-46ba-b6fb-308e7cfbad4e,177.6642857142857,365.20714285714286,"66,65"
1122d392-b3dd-46ba-b6fb-308e7cfbad4e,117.87083333333334,228.02083333333331,"66,67"
1122d392-b3dd-46ba-b6fb-308e7cfbad4e,178.04761904761904,365.7857142857143,"65,66"
1122d392-b3dd-46ba-b6fb-308e7cfbad4e,425.6190476190476,272.6666666666667,72
1122d392-b3dd-46ba-b6fb-308e7cfbad4e,361.1666666666667,145.56666666666666,69
1122d392-b3dd-46ba-b6fb-308e7cfbad4e,341.9130769230769,368.06615384615384,"66,67"
1122d392-b3dd-46ba-b6fb-308e7cfbad4e,138.09720821662,215.3749299719888,"65,66,67,68,69"
1122d392-b3dd-46ba-b6fb-308e7cfbad4e,326.2473474801061,362.33421750663126,"67,68"
1122d392-b3dd-46ba-b6fb-308e7cfbad4e,122.65555555555555,344.6111111111111,"95,96"
1122d392-b3dd-46ba-b6fb-308e7cfbad4e,337.46965277777775,147.1765625,"62,63,64,65"
1122d392-b3dd-46ba-b6fb-308e7cfbad4e,178.89708703994418,365.35727367870226,"64,65,66"
1122d392-b3dd-46ba-b6fb-308e7cfbad4e,178.05068656196477,365.3166845685643,"64,65,66"
1122d392-b3dd-46ba-b6fb-308e7cfbad4e,337.35574124702356,146.70799894170563,"62,63,64,65"
1122d392-b3dd-46ba-b6fb-308e7cfbad4e,170.3093883357041,201.01031294452346,"60,61"
6030fdf5-933e-406d-b93f-a71a30302209,207.08381694949966,283.5316432604708,"167,166,165,164,163,162,161,160,159,158,157,156,155,154,153,152"
6030fdf5-933e-406d-b93f-a71a30302209,207.54156278573964,284.0501074402585,"152,153,154,155,156,157,158,159,160,161,162,163,164,165,166,167"
6030fdf5-933e-406d-b93f-a71a30302209,209.8639061543745,297.2121023654852,"169,170,171,172,173,174,175,176,177,178"
6030fdf5-933e-406d-b93f-a71a30302209,212.29767154323395,298.81595597320336,"170,171,172,173,174,175,176,177,178,179,180,181"
6030fdf5-933e-406d-b93f-a71a30302209,207.1391382499407,283.3352096355724,"152,153,154,155,156,157,158,159,160,161,162,163,164,165,166,167"
6030fdf5-933e-406d-b93f-a71a30302209,211.23738468782042,287.2839415992346,"150,151,152,153,154,155,156,157,158,159,160,161,162,163,164,165,166,167"
032f9f24-0e1b-4d58-813e-c4c999844763,145.75,202.25,126
32b79ea5-0860-43ef-a391-e3a6abc4c703,366.61038184574255,264.6206966310404,"66,65,64,63,62,61"
32b79ea5-0860-43ef-a391-e3a6abc4c703,369.6198872853921,328.85303242253195,"30,29,28,27,26,25,24,23"
32b79ea5-0860-43ef-a391-e3a6abc4c703,371.36747680611614,329.6007576866163,"24,25,26,27,28,29,30"
32b79ea5-0860-43ef-a391-e3a6abc4c703,359.841485524921,271.0849750789243,"61,61,62,63,63,64,64,65,66,67"
32b79ea5-0860-43ef-a391-e3a6abc4c703,164.08823529411765,199.2300759013283,"45,46"
32b79ea5-0860-43ef-a391-e3a6abc4c703,369.5888525520184,330.39049581684054,"23,23,24,25,26,27,28,29,30"
32b79ea5-0860-43ef-a391-e3a6abc4c703,367.50426455392466,262.70740415654654,"61,62,63,64,65,66,67,68,69,70,71,72"
32b79ea5-0860-43ef-a391-e3a6abc4c703,369.6422115052021,329.62928898808536,"23,24,25,26,27,28,29,30"
cf97c953-e54a-46c6-931c-a153bce6704a,383.48607769423563,335.5692380952381,"86,85,84,83,82"
cf97c953-e54a-46c6-931c-a153bce6704a,285.84007936507936,298.4047619047619,"36,35,34,33"
cf97c953-e54a-46c6-931c-a153bce6704a,340.69609112204876,361.0387191339742,"25,26,27,28,29,30,31,32,33,34,35,36,37"
cf97c953-e54a-46c6-931c-a153bce6704a,383.4106744385033,335.53722404090723,"82,83,84,85,86"
cf97c953-e54a-46c6-931c-a153bce6704a,398.2857142857143,241.71428571428572,54
cf97c953-e54a-46c6-931c-a153bce6704a,332.42243867243866,201.39069264069266,"32,33,34"
cf97c953-e54a-46c6-931c-a153bce6704a,286.22675353925354,298.56775525525524,"33,34,35,36"
cf97c953-e54a-46c6-931c-a153bce6704a,332.2351684263449,201.67841880341882,"32,33,34"
cf97c953-e54a-46c6-931c-a153bce6704a,285.9768475893476,298.30211365211363,"33,34,35,36"
cf97c953-e54a-46c6-931c-a153bce6704a,397.6363636363636,241.63636363636363,54
cf97c953-e54a-46c6-931c-a153bce6704a,383.43622348804865,337.44114322529623,"82,83,84,85,86,87"
cf97c953-e54a-46c6-931c-a153bce6704a,340.60281409907986,360.3891129449829,"24,25,26,27,28,29,30,31,32,33,34,35,36,37,38"
ebbe632e-a8e8-44c2-b318-2d904cb03cde,100.24708624708624,387.3968531468531,"79,78"
ebbe632e-a8e8-44c2-b318-2d904cb03cde,100.40285714285714,388.36071428571427,"78,79"
ebbe632e-a8e8-44c2-b318-2d904cb03cde,119.7,231.2,54
ebbe632e-a8e8-44c2-b318-2d904cb03cde,100.02922077922078,388.0698051948052,"78,79"
ebbe632e-a8e8-44c2-b318-2d904cb03cde,127.28947368421052,370.6842105263158,"77,78"
40117b4f-ffaa-4e7b-97f0-51078cf76fbd,142.04297514896945,284.07504885108335,"58,58,57,56,55"
40117b4f-ffaa-4e7b-97f0-51078cf76fbd,142.06070120355835,283.1550671550671,"55,56,57"
40117b4f-ffaa-4e7b-97f0-51078cf76fbd,142.3176100628931,284.1161115389552,"55,56,57,58"
40117b4f-ffaa-4e7b-97f0-51078cf76fbd,142.16948294626573,286.0802125706955,"55,56,57,58,59"
fe41e139-e9c9-43e2-853c-797b2da695d0,139.46642809339323,306.63620881712836,"24,23,22,21,20,19"
fe41e139-e9c9-43e2-853c-797b2da695d0,140.0424969241724,306.9862830324316,"19,20,21,22,23,24"
fe41e139-e9c9-43e2-853c-797b2da695d0,139.27422840201908,306.9375159406527,"19,20,21,22,23,24,25"
fe41e139-e9c9-43e2-853c-797b2da695d0,135.96482000162058,218.23460640074057,"25,26,27,28,29,30,31"
fe41e139-e9c9-43e2-853c-797b2da695d0,400.7333838575218,324.04022567470844,"56,57,58"
fe41e139-e9c9-43e2-853c-797b2da695d0,138.91871400383178,305.9010807763938,"19,20,21,22,23,24,25"
2e510e43-30f4-43eb-a906-9fe124046b19,424.4769736842105,261.4506578947369,"80,81"
e97adec5-db5b-41dd-93fc-ed6c630fb93d,177.32258064516128,266.9516129032258,"75,74"
e97adec5-db5b-41dd-93fc-ed6c630fb93d,398.8057692307692,278.4076923076923,"37,38"
e97adec5-db5b-41dd-93fc-ed6c630fb93d,301.1457142857143,347.60380952380956,"80,81,82"
e97adec5-db5b-41dd-93fc-ed6c630fb93d,412.8,335.76,82
e97adec5-db5b-41dd-93fc-ed6c630fb93d,177.72407407407405,267.3833333333333,"74,75"
e97adec5-db5b-41dd-93fc-ed6c630fb93d,157.8695652173913,376.2173913043478,46
e97adec5-db5b-41dd-93fc-ed6c630fb93d,288.225,366.87916666666666,"44,45"
e97adec5-db5b-41dd-93fc-ed6c630fb93d,161.05384615384617,359.41153846153844,"84,85"
e97adec5-db5b-41dd-93fc-ed6c630fb93d,413.4223602484472,336.1847826086956,"82,83"
e97adec5-db5b-41dd-93fc-ed6c630fb93d,301.1400501253133,347.51121136173765,"80,81,82"
e97adec5-db5b-41dd-93fc-ed6c630fb93d,288.3074130950719,366.1864674949975,"44,45,46"
e97adec5-db5b-41dd-93fc-ed6c630fb93d,177.4095796676442,267.0078201368524,"74,75"
e97adec5-db5b-41dd-93fc-ed6c630fb93d,357.60416666666663,377.375,"74,75"
e97adec5-db5b-41dd-93fc-ed6c630fb93d,318.44372294372295,375.22402597402595,"56,57"
e97adec5-db5b-41dd-93fc-ed6c630fb93d,178.17564102564103,266.8602564102564,"74,75"
bb1b835a-2f73-4435-a8db-4adf1adbbf4c,178.33945993031358,181.95369918699186,"43,42,41,40"
bb1b835a-2f73-4435-a8db-4adf1adbbf4c,192.60670694169983,144.1117224314219,"39,38,37,36,35,34,33,32,31"
bb1b835a-2f73-4435-a8db-4adf1adbbf4c,192.20209605016814,145.03673745546578,"31,32,33,34,35,36,37,38"
bb1b835a-2f73-4435-a8db-4adf1adbbf4c,179.25516099537893,182.46515926557444,"40,41,42"
bb1b835a-2f73-4435-a8db-4adf1adbbf4c,194.41178459740877,145.09050730893443,"31,32,33,34,34,35,36,36,37,38,39"
bb1b835a-2f73-4435-a8db-4adf1adbbf4c,177.74184358055328,183.01657200624942,"39,40,41,42,43"
bb1b835a-2f73-4435-a8db-4adf1adbbf4c,312.75,293.2625,"86,87"
bb1b835a-2f73-4435-a8db-4adf1adbbf4c,187.5518774552742,146.01294997297197,"30,31,32,33,34,35,36"
ec9064aa-c15e-4d03-bcb0-4d0f6d0001f1,200.36761291071636,356.0702426564496,"70,69,68"
ec9064aa-c15e-4d03-bcb0-4d0f6d0001f1,200.73822463768116,356.36652432712214,"68,69,70"
ec9064aa-c15e-4d03-bcb0-4d0f6d0001f1,200.61847781847783,356.4165445665446,"68,69,70"
8153fb18-23fe-4e61-b3b1-d99cb227aff2,383.46892730567754,302.63856287661366,"76,75,74,73,72"
8153fb18-23fe-4e61-b3b1-d99cb227aff2,397.3681128747795,234.29551146384478,"54,54,53,52,51"
8153fb18-23fe-4e61-b3b1-d99cb227aff2,343.4495220687712,223.82713472082952,"32,31,30,29,28,27,27,26,25"
8153fb18-23fe-4e61-b3b1-d99cb227aff2,172.00270436318408,247.52205401178148,"24,23,22,21,20,19,18,17,16"
8153fb18-23fe-4e61-b3b1-d99cb227aff2,339.20180672127276,227.83830518758216,"25,26,27"
8153fb18-23fe-4e61-b3b1-d99cb227aff2,346.90824036511157,224.12450980392157,"29,30,31,32"
8153fb18-23fe-4e61-b3b1-d99cb227aff2,387.7261904761905,250.76700680272108,"37,38"
8153fb18-23fe-4e61-b3b1-d99cb227aff2,397.7448304383788,234.59146677695063,"51,52,53"
8153fb18-23fe-4e61-b3b1-d99cb227aff2,383.5865483035116,302.918544706853,"73,74,75,76"
8153fb18-23fe-4e61-b3b1-d99cb227aff2,172.55486665327842,247.85659026104022,"17,18,18,18,19,19,19,20,20,21,21,22,22,23,24,25"
8153fb18-23fe-4e61-b3b1-d99cb227aff2,184.56168831168833,334.16450216450215,"22,23"
8153fb18-23fe-4e61-b3b1-d99cb227aff2,383.7569188344517,302.9380482274719,"72,73,74,75,76"
8153fb18-23fe-4e61-b3b1-d99cb227aff2,383.4357963910202,304.3416305531875,"72,73,74,75,76,77"
cdaa0db2-e8d6-458a-97b1-7bf93a0eb5da,180.0968778022545,264.81905231996427,"29,30,31,32,33,34,35,36,37,38,39,40,41,42,43,44,44,45,46,47,47,48,49,50,51,52"
afe9a7f6-bd15-440e-bc61-3e8a295171fe,315.4108943300624,253.71681517671237,"38,37,36,35,34,33,32,31,30,29,28,27,26,25,24"
afe9a7f6-bd15-440e-bc61-3e8a295171fe,314.7229998576908,255.05078320014985,"24,25,26,27,28,29,30,31,32,33,34,35,36,37"
afe9a7f6-bd15-440e-bc61-3e8a295171fe,315.42507001145685,255.3171925658781,"24,25,26,27,28,29,30,31,32,33,34,35,36,37,38,39"
afe9a7f6-bd15-440e-bc61-3e8a295171fe,315.60324187773443,255.57343154825557,"23,24,25,26,27,28,29,30,31,32,33,34,35,36,37,38,39,40,41"
979f67d0-ce04-4525-9f88-1194fbd11310,386.40579710144925,295.3364734299517,"66,65,64,63"
979f67d0-ce04-4525-9f88-1194fbd11310,364.99555555555554,215.99333333333334,"62,61,60"
979f67d0-ce04-4525-9f88-1194fbd11310,313.33584415584414,199.65740259740258,"58,57,56"
979f67d0-ce04-4525-9f88-1194fbd11310,361.5833333333333,188.84102564102565,"49,50,51"
979f67d0-ce04-4525-9f88-1194fbd11310,335.3774852598382,194.69079939668177,"48,49,50"
979f67d0-ce04-4525-9f88-1194fbd11310,326.8695652173913,169.65217391304347,49
979f67d0-ce04-4525-9f88-1194fbd11310,313.65432098765433,200.01771336553944,"56,57,58"
979f67d0-ce04-4525-9f88-1194fbd11310,365.20833333333337,216.02083333333331,"61,62"
979f67d0-ce04-4525-9f88-1194fbd11310,386.4405625758746,296.1764292020748,"63,64,65,66"
979f67d0-ce04-4525-9f88-1194fbd11310,389.88859180035644,216.12549019607843,"74,75,76"
979f67d0-ce04-4525-9f88-1194fbd11310,157.85594405594406,171.3831002331002,"61,62,63"
979f67d0-ce04-4525-9f88-1194fbd11310,135.34313725490196,205.5921568627451,"82,83,84"
979f67d0-ce04-4525-9f88-1194fbd11310,164.59893048128342,366.403743315508,"70,71"
979f67d0-ce04-4525-9f88-1194fbd11310,361.42147435897436,188.3661858974359,"49,50,51"
979f67d0-ce04-4525-9f88-1194fbd11310,334.6038647342995,194.43900966183574,"48,49,50"
979f67d0-ce04-4525-9f88-1194fbd11310,324.742474916388,170.7207357859532,"48,49"
979f67d0-ce04-4525-9f88-1194fbd11310,313.9299145299146,199.01172839506174,"56,57,58"
979f67d0-ce04-4525-9f88-1194fbd11310,365.0805555555556,215.63444444444443,"60,61,62"
979f67d0-ce04-4525-9f88-1194fbd11310,385.8517880992207,295.993127682473,"62,63,64,65,66"
979f67d0-ce04-4525-9f88-1194fbd11310,389.9107844862994,215.65393416651997,"74,75,76"
979f67d0-ce04-4525-9f88-1194fbd11310,164.32828282828282,366.27777777777777,"70,71,72"
979f67d0-ce04-4525-9f88-1194fbd11310,135.0751633986928,205.3421568627451,"82,83,84"
7d78d7e4-b42b-43bd-a176-4026a51664cb,109.98516369047618,331.24921626984127,"101,100,99,98"
7d78d7e4-b42b-43bd-a176-4026a51664cb,159.12450523471801,316.3168636721828,"25,24,23,22,22"
7d78d7e4-b42b-43bd-a176-4026a51664cb,111.02071307300508,331.61863327674024,"98,99,100,101"
7d78d7e4-b42b-43bd-a176-4026a51664cb,110.34120417888563,331.156316898827,"98,99,100,101"
7d78d7e4-b42b-43bd-a176-4026a51664cb,158.68631569571392,317.0872583138357,"21,22,23,24,25,26"
7d78d7e4-b42b-43bd-a176-4026a51664cb,157.12978114383318,317.4494394391576,"22,23,24,25,26"
fd88473a-a22c-46ce-afa8-d2c26d724022,218.62998712998711,339.4066924066924,"17,18"
fd88473a-a22c-46ce-afa8-d2c26d724022,219.77517392168556,338.2387497515404,"17,18,19"
c0372a0e-5996-4990-b9b4-a896797e355b,322.9311801323211,382.05992318226436,"34,33,32,31"
c0372a0e-5996-4990-b9b4-a896797e355b,323.4350505968153,381.93855935767704,"31,32,33,34"
c0372a0e-5996-4990-b9b4-a896797e355b,323.6546622113111,382.2332083106019,"31,32,33,34"
c0372a0e-5996-4990-b9b4-a896797e355b,323.793189273998,381.8171245186136,"31,32,33,34"
46ac24d5-c979-4b12-a017-7b9c32c7fbf6,412.21798941798943,306.25502645502644,"70,69,68"
46ac24d5-c979-4b12-a017-7b9c32c7fbf6,227.71212121212122,365.23989898989896,"37,38"
46ac24d5-c979-4b12-a017-7b9c32c7fbf6,227.54825174825177,365.72715617715613,"36,37,38"
76c28ba9-cc3a-4f31-9215-b50ebf3bab36,160.71518427518427,298.33473265473265,"60,59,59,59,58"
76c28ba9-cc3a-4f31-9215-b50ebf3bab36,136.01296915297715,327.76753312712566,"32,31,30,29,28,27,26,25,24"
76c28ba9-cc3a-4f31-9215-b50ebf3bab36,161.80113149984075,298.3611273690078,"57,58,59,60"
76c28ba9-cc3a-4f31-9215-b50ebf3bab36,161.11749325236167,297.991994847258,"57,58,59,60"
76c28ba9-cc3a-4f31-9215-b50ebf3bab36,135.70784881047288,328.32143642058355,"24,25,26,27,28,29,30,31,32,33"
fe479285-9b8f-4edf-b9b1-7feaa2b236e1,320.6822931185465,336.5520058026561,"103,102,101,100,99,98"
fe479285-9b8f-4edf-b9b1-7feaa2b236e1,320.25403717438735,335.9755797379095,"98,99,100,101,102,103"
fe479285-9b8f-4edf-b9b1-7feaa2b236e1,321.7674668254605,336.68298938432866,"96,97,98,99,100,101,102,103"
fe479285-9b8f-4edf-b9b1-7feaa2b236e1,320.48856209150324,379.1617647058823,"93,94"
fe479285-9b8f-4edf-b9b1-7feaa2b236e1,320.7106960493748,337.110597674604,"98,99,100,101,102,103,104"
